url,score,comments,thread
https://onepunchman-anime.net/img/home/visual_04.jpg?2,28168,1282,One Punch Man Season 3 Announced
https://i.redd.it/6t7oipcn2he91.jpg,24276,886,'Chainsaw Man' New Key Visual
https://www.reddit.com/r/anime/comments/y1cx9q/chainsaw_man_episode_1_discussion/,23491,4236,Chainsaw Man - Episode 1 discussion
https://i.redd.it/uklwaeuoldo91.jpg,21239,475,"""JUJUTSU KAISEN"" Season 2 Teaser Visual"
https://i.redd.it/7xsygpc6kzp91.png,20365,399,'Jujutsu Kaisen' Season 2 New Visual
https://v.redd.it/98lkjt1wi4j91,18982,1086,Here's an Anime Transitions and SFX AMV I made with about 83 different anime-styled works included. Hope you enjoy!
https://i.redd.it/pjnw36bdvt7a1.jpg,17982,276,‚ÄúCyberpunk: Edgerunners‚Äù Christmas Visual
https://i.redd.it/txqix9zxeip91.jpg,17794,409,‚ÄúSuzume no Tojimari‚Äù New Key Visual
https://i.redd.it/ugidql4qxso91.jpg,16603,319,"""Chainsaw Man"" New Character Visual"
https://www.reddit.com/r/anime/comments/z7y4lc/chainsaw_man_episode_8_discussion/,16513,4683,Chainsaw Man - Episode 8 discussion
https://v.redd.it/spa6blf7cgda1,16335,382,That time when Dragon Ball got a little too real!
https://i.redd.it/wu9oezsz2rp91.jpg,15821,437,"""NieR:Automata Ver. 1.1a"" New Key Visual"
https://i.redd.it/6ahm7k9gva5a1.jpg,15801,515,'Oshi no Ko‚Äô New Key Visual
https://i.redd.it/lsngdfg14xy91.jpg,15686,512,'That Time I Got Reincarnated as a Slime' Season 3 Announced
https://www.reddit.com/r/anime/comments/12jp7uo/oshi_no_ko_episode_1_discussion/,15428,3474,Oshi no Ko - Episode 1 discussion
https://i.redd.it/y6edvgtq9o3a1.jpg,15076,486,'Rascal Does Not Dream of a Sister Venturing Out' Movie New Teaser Visual
https://i.redd.it/x3szagpr4fr91.jpg,15074,554,'Naruto Anime 20th Anniversary' Key Visual
https://www.reddit.com/r/anime/comments/y7b2hi/chainsaw_man_episode_2_discussion/,14869,2532,Chainsaw Man - Episode 2 discussion
https://i.redd.it/fh1vjut53et91.jpg,14566,545,"""Oshi no Ko"" Anime Key Visual"
https://v.redd.it/f5lyck7gut6a1,14559,295,Some Bocchi the Rock scenes that remind me of other anime.
https://spy-family.net/assets/img/top/gallery_visual_11.jpg,14464,325,"""SPY x FAMILY"" 2nd Cour Key Visual"
https://i.redd.it/fbnjxvu084la1.jpg,14356,438,'Demon Slayer: Kimetsu no Yaiba ~Swordsmith Village Arc~' New Key Visual
https://i.redd.it/8lmver8b525a1.jpg,14258,1389,‚ÄòMushoku Tensei: Jobless Reincarnation‚Äô Season 2 - New Key Visual
https://www.reddit.com/r/anime/comments/zeak0l/chainsaw_man_episode_9_discussion/,14201,3959,Chainsaw Man - Episode 9 discussion
https://v.redd.it/s59fnsh82zh91,13983,612,Who animated this scene? GOD!? [RWBY: Ice Queendom]
https://v.redd.it/h3xkv0xrnqc91,13980,267,Gintama explaining how filler works (Gintama)
https://i.redd.it/5urtsv1bha6a1.jpg,13949,467,"""Pok√©mon - The Distant Blue Sky"" Key Visual"
https://v.redd.it/z5o7tau3c1na1,13907,456,Robbing an Average American Home (Gunsmith Cats)
https://dengekionline.com/articles/178557/,13844,1036,Re:Zero Season 3 Announced
https://v.redd.it/dy9paf02fae91,13727,218,Miku's Profit [Jashin-chan Dropkick X]
https://i.redd.it/u7gaoimukwt91.jpg,13669,226,NieR:Automata Ver 1.1a New Visual
https://i.redd.it/s5atwywbkjn91.jpg,13553,743,'Frieren: Beyond Journey's End' Anime Announced
https://www.reddit.com/r/anime/comments/yd9p6y/chainsaw_man_episode_3_discussion/,13396,2161,Chainsaw Man - Episode 3 discussion
https://www.reddit.com/r/anime/comments/zwj2h8/chainsaw_man_episode_12_discussion_final/,13111,2348,Chainsaw Man - Episode 12 discussion - FINAL
https://i.redd.it/n67luhndahj91.jpg,12945,353,‚ÄúLycoris Recoil‚Äù New Key Visual
https://v.redd.it/mps7xakwse4a1,12925,236,Stay Classy Faye [Cowboy Bebop]
https://i.redd.it/76ejdm88qg991.jpg,12803,202,'Mob Psycho 100' Season 3 New Key Visual
https://i.redd.it/z9zruh0z51m91.jpg,12444,382,"""The Ancient Magus"" Bride"" Season 2 Visual"
https://i.redd.it/6xmap6wmo5g91.png,12410,879,'Tower of God' Season 2 Announced - Key Visual
https://v.redd.it/7ck9850g55p91,12408,486,(Amagami SS) Belly Kiss Scene
https://www.reddit.com/r/anime/comments/yjclmh/chainsaw_man_episode_4_discussion/,12318,2086,Chainsaw Man - Episode 4 discussion
https://v.redd.it/2thzr9gyhuca1,12207,348,When you find out a job candidate has an OnlyFans account [Amagi Brilliant Park]
https://v.redd.it/2jzh68t6yuu91,12129,737,The worst he can say is no [Gundam Wing]
https://i.redd.it/fk0j9kkf9mm91.jpg,12119,212,"""Drifting Home"" New Key Visual"
https://www.reddit.com/r/anime/comments/11hjdpa/shingeki_no_kyojin_the_final_season_attack_on/,12070,2144,Shingeki no Kyojin: The Final Season ‚Ä¢ Attack on Titan Final Season THE FINAL CHAPTERS - Special Episode 1
https://i.redd.it/vaybja9e5poa1.jpg,12016,459,‚ÄúAtelier Ryza‚Äù Anime Announced (Teaser Visual)
https://v.redd.it/d8kmc4ke36xa1,11918,691,Here's an Anime Transitions and SFX AMV I made with about 104 different anime-styled works included. Hope you enjoy!
https://i.redd.it/f0z2wblvv77a1.jpg,11860,275,'Reincarnated as a Sword' x 'That Time I Got Reincarnated as a Slime' Collaboration Visual
https://www.reddit.com/r/anime/comments/z1xqhu/chainsaw_man_episode_7_discussion/,11612,2781,Chainsaw Man - Episode 7 discussion
https://v.redd.it/wcqsdjddisd91,11431,167,Magical Girls are Illegal [The Great Jahy Will not be Defeated!]
https://www.reddit.com/r/anime/comments/ypqiej/chainsaw_man_episode_5_discussion/,11422,2103,Chainsaw Man - Episode 5 discussion
https://frieren-anime.jp/assets/img/top/top/2_visual.jpg,11416,501,Frieren: Beyond Journey's End New Visual
https://v.redd.it/6m1u1ikcqxaa1,11414,146,Mako discovers her inner chaos [Kill la Kill]
https://v.redd.it/cxj3fevan7r91,11298,225,Wow [Spy x Family]
https://i.redd.it/z82klhei8ama1.jpg,11264,1160,"‚ÄúReborn as a Vending Machine, I Now Wander the Dungeon‚Äù Teaser Visual"
https://i.redd.it/qlr2klndtina1.jpg,11186,1191,"‚ÄúThe 100 Girlfriends Who Really, Really, Really, Really, Really Love You‚Äù Teaser Visual"
https://i.redd.it/q7k2hr8btbha1.jpg,11162,448,‚ÄúMobile Suit Gundam: The Witch from Mercury‚Äù Season 2 Teaser Visual
https://i.redd.it/i1ega8kqtona1.jpg,11142,323,'The Girl I Like Forgot Her Glasses' Anime Key Visuals
https://v.redd.it/96rsrfp4vwz91,11079,285,Nissin Donbei's animated advertisement (English subtitles)
https://v.redd.it/j3a0pdcsi5e91,11066,312,Physical Appearance Matters [Isekai Uncle]
https://i.redd.it/sjow84z2e18a1.jpg,10973,80,'Lycoris Recoil' Christmas Visual
https://www.viz.com/blog/posts/watch-anime-for-free-on-youtube,10964,504,"Death Note, Inuyasha, Hunter x Hunter, Naruto and Sailor Moon are now available on YouTube for free"
https://v.redd.it/6ei25xdsq06a1,10867,646,In Praise Of The Best Fire Users In Anime
https://i.redd.it/vel1yth9s5s91.jpg,10860,414,"'Bofuri: I Don't Want To Get Hurt, So I'll Max Out My Defense' Season 2 New Key Visual"
https://i.redd.it/0dmsswpf4gh91.jpg,10760,493,"""HAIKYUU!! FINAL"" Teaser Visual"
https://v.redd.it/uwid99bi1qka1,10770,287,It's just the beast under your bed [Chuunibyou demo Koi ga Shitai!]
https://www.reddit.com/r/anime/comments/yw1gxl/chainsaw_man_episode_6_discussion/,10759,2245,Chainsaw Man - Episode 6 discussion
https://i.redd.it/76pjqvlktzq91.png,10753,955,Top 10 Most Anticipated Anime - Fall 2022 (Anime Corner)
https://i.redd.it/rcjpvhve4wk91.jpg,10747,281,"""Cyberpunk: Edgerunners"" Character Visual for Lucy"
https://i.redd.it/oydhblkb1hg91.jpg,10718,245,"""Ranking of Kings"" New Anime Announced"
https://i.redd.it/53osycrv4hpa1.jpg,10684,311,"""Jujutu Kaisen"" Season 2 New Character Visuals"
https://i.redd.it/ndcrv8gja45a1.jpg,10662,792,"""I Want You To Show Me Your Panties With a Disgusted Face"" Season 3 Announced"
https://i.redd.it/0xe8klfyrz9a1.jpg,10653,162,'Kimi wa Houkago Insomnia' New Key Visual
https://v.redd.it/ouvyzdm700e91,10635,178,How to effectively get away from creeps trying to hit on you (Paprika)
https://v.redd.it/hl1luspdjan91,10589,253,Isekai hedgehogs just aren't the same [Isekai Ojisan]
https://v.redd.it/aq8ka5gs80ha1,10538,246,Amaki Sally: Behind the scenes of ‚ÄúTomo-chan is a Girl!‚Äù episode 5 üíï
https://www.reddit.com/r/anime/comments/zkz6jy/chainsaw_man_episode_10_discussion/,10513,2016,Chainsaw Man - Episode 10 discussion
https://spyroom-anime.com/core_sys/images/news/00000034/block/00000132/00000026.jpg,10505,248,"""Spy Classroom"" New Character Visual"
https://i.redd.it/59cxxww6fug91.jpg,10484,869,"""Harem Camp!"" Anime Announced"
https://www.reddit.com/r/anime/comments/zrs6lz/mob_psycho_100_season_3_episode_12_discussion/,10483,1215,Mob Psycho 100 Season 3 - Episode 12 discussion
https://i.redd.it/20e0m3d20ow91.png,10441,178,"""NieR:Automata Ver 1.1a"" New Visual"
https://twitter.com/CHAINSAWMAN_PR/status/1555510587433828353,10294,1162,"""Chainsaw Man"" New PV"
https://twitter.com/anime_shingeki/status/1615272966979305474?s=20&amp;t=PD7EMoRMFV0nkHmiAJnB6w,10282,1632,"'Attack on Titan: The Final Season' Final Part will be split into two parts, first part will air on March 3, 2023"
https://inuhiro-anime.com/assets/images/top/mainimg2.jpg,10284,489,‚ÄúMy Life as Inukai-san's Dog‚Äù New Key Visual
https://v.redd.it/jktxtn59pmk91,10248,198,Saber Service [Carnival Phantasm]
https://i.redd.it/l8thm21o9dq91.jpg,10214,301,"""Giant Beasts of Ars"" Original TV Anime Announced"
https://twitter.com/livedoornews/status/1544940334958125056?t=9PC99LTvvLzAmgNnGBDPFg&amp;s=09,10177,382,"""Yu-Gi-Oh!"" creator Kazuki Takahashi has passed away."
https://v.redd.it/eg01g8v91vra1,10172,294,Can't read my Poker Face [Nisekoi]
https://i.redd.it/hcc3944tqlba1.png,10143,325,"""The Ancient Magus' Bride"" Season 2 New Key Visual"
https://v.redd.it/lq4lxth0jjy91,10065,434,"[Pok√©mon] On this day 20 years ago, Misty left the main cast of the Pok√©mon anime."
https://v.redd.it/fby9znuu6fk91,10026,209,"Cat, Dog, Handstand [Lycoris Recoil]"
https://i.redd.it/wagi2s5tvpc91.png,10015,1611,/r/Anime's Top 100 Best Girls (Best Girl 9 Update; 20 July 2022)
https://v.redd.it/1972v7j3qpta1,9934,241,Any man would do the same. [Yuusha ga Shinda!]
https://v.redd.it/9w3631za57qa1,9905,216,"You guys liked my Jujutsu Kaisen edit 2 years back, here's one for Chainsaw Man - HandClap üòÅ"
https://v.redd.it/pprxlhlylgs91,9887,121,Errors have been made (Dropkick on my devil)
https://i.redd.it/ytuh3a3x61k91.jpg,9730,725,"""Farming Life in Another World"" Teaser Visual"
https://www.reddit.com/r/anime/comments/zqtkyg/chainsaw_man_episode_11_discussion/,9707,2110,Chainsaw Man - Episode 11 discussion
https://i.redd.it/uxw7knjhhsn91.jpg,9695,363,"""The Eminence in Shadow"" New Key Visual"
https://i.redd.it/r96ax0ot15ma1.png,9683,1197,"Comparing the winners of the r/anime, Crunchyroll, and Anime Trending Awards"
https://www.reddit.com/r/anime/comments/xsy9o9/spy_x_family_part_2_episode_13_discussion/,9642,1084,SPY x FAMILY Part 2 - Episode 13 discussion
